"genre_name","genre_book_name","genre_book_price","genre_book_status","genre_book_upc","genre_book_product_type","genre_book_price_no_tax","genre_book_price_tax","genre_book_tax","genre_book_review_number"
"Travel","It's Only the Himalayas","£45.17","In stock (19 available)","a22124811bfa8350","Books","£45.17","£45.17","£0.00","0"
"Travel","Full Moon over Noah’s ...","£49.43","In stock (15 available)","ce60436f52c5ee68","Books","£49.43","£49.43","£0.00","0"
"Travel","See America: A Celebration ...","£48.87","In stock (14 available)","f9705c362f070608","Books","£48.87","£48.87","£0.00","0"
"Travel","Vagabonding: An Uncommon Guide ...","£36.94","In stock (8 available)","1809259a5a5f1d8d","Books","£36.94","£36.94","£0.00","0"
"Travel","Under the Tuscan Sun","£37.33","In stock (7 available)","a94350ee74deaa07","Books","£37.33","£37.33","£0.00","0"
"Travel","A Summer In Europe","£44.34","In stock (7 available)","cc1936a9f4e93477","Books","£44.34","£44.34","£0.00","0"
"Travel","The Great Railway Bazaar","£30.54","In stock (6 available)","48736df57e7bec9f","Books","£30.54","£30.54","£0.00","0"
"Travel","A Year in Provence ...","£56.88","In stock (6 available)","9e60929f521fa280","Books","£56.88","£56.88","£0.00","0"
"Travel","The Road to Little ...","£23.21","In stock (3 available)","366a236aa1ea6f07","Books","£23.21","£23.21","£0.00","0"
"Travel","Neither Here nor There: ...","£38.95","In stock (3 available)","747cf7fca2ccdbd4","Books","£38.95","£38.95","£0.00","0"
"Travel","1,000 Places to See ...","£26.08","In stock (1 available)","228ba5e7577e1d49","Books","£26.08","£26.08","£0.00","0"
"Mystery","Sharp Objects","£47.82","In stock (20 available)","e00eb4fd7b871a48","Books","£47.82","£47.82","£0.00","0"
"Mystery","In a Dark, Dark ...","£19.63","In stock (18 available)","19ed25f4641d5efd","Books","£19.63","£19.63","£0.00","0"
"Mystery","The Past Never Ends","£56.50","In stock (16 available)","5ee94540d0749ea0","Books","£56.50","£56.50","£0.00","0"
"Mystery","A Murder in Time","£16.64","In stock (16 available)","f733e8c19d40ec2e","Books","£16.64","£16.64","£0.00","0"
"Mystery","The Murder of Roger ...","£44.10","","","","","","",""
"Mystery","The Last Mile (Amos ...","£54.21","In stock (14 available)","3bc89353f7e3a3cc","Books","£54.21","£54.21","£0.00","0"
"Mystery","That Darkness (Gardiner and ...","£13.92","In stock (14 available)","0c7b9cf2b7662b65","Books","£13.92","£13.92","£0.00","0"
"Mystery","Tastes Like Fear (DI ...","£10.69","In stock (14 available)","2d1e337aaf341858","Books","£10.69","£10.69","£0.00","0"
"Mystery","A Time of Torment ...","£48.35","In stock (14 available)","4416c474713ec1f5","Books","£48.35","£48.35","£0.00","0"
"Mystery","A Study in Scarlet ...","£16.73","In stock (14 available)","63ee5bc46066a8a8","Books","£16.73","£16.73","£0.00","0"
"Mystery","Poisonous (Max Revere Novels ...","£26.80","In stock (12 available)","abdd91e96515a617","Books","£26.80","£26.80","£0.00","0"
"Mystery","Murder at the 42nd ...","£54.36","In stock (12 available)","e7fe3bf2768602cf","Books","£54.36","£54.36","£0.00","0"
"Mystery","Most Wanted","£35.28","In stock (12 available)","c039f5aceb093537","Books","£35.28","£35.28","£0.00","0"
"Mystery","Hide Away (Eve Duncan ...","£11.84","In stock (12 available)","bddc6fd036eb6279","Books","£11.84","£11.84","£0.00","0"
"Mystery","Boar Island (Anna Pigeon ...","£59.48","In stock (12 available)","49b24c6a41b82bd2","Books","£59.48","£59.48","£0.00","0"
"Mystery","The Widow","£27.26","In stock (11 available)","6159d8b187831770","Books","£27.26","£27.26","£0.00","0"
"Mystery","Playing with Fire","£13.71","In stock (11 available)","05a61a3bd8ca4149","Books","£13.71","£13.71","£0.00","0"
"Mystery","What Happened on Beale ...","£25.37","In stock (7 available)","9735c969c652dd89","Books","£25.37","£25.37","£0.00","0"
"Mystery","The Bachelor Girl's Guide ...","£52.30","In stock (7 available)","20789fb17b423c4c","Books","£52.30","£52.30","£0.00","0"
"Mystery","Delivering the Truth (Quaker ...","£20.89","In stock (7 available)","4e980425468708da","Books","£20.89","£20.89","£0.00","0"
"Mystery","next","","In stock","","","","","",""
"Historical Fiction","Tipping the Velvet","£53.74","In stock (20 available)","90fa61229261140a","Books","£53.74","£53.74","£0.00","0"
"Historical Fiction","Forever and Forever: The ...","£29.69","In stock (16 available)","9beb96a2300109d7","Books","£29.69","£29.69","£0.00","0"
"Historical Fiction","A Flight of Arrows ...","£55.53","In stock (16 available)","3a6fb983e2554023","Books","£55.53","£55.53","£0.00","0"
"Historical Fiction","The House by the ...","£36.95","In stock (15 available)","9287e238d7c3b06e","Books","£36.95","£36.95","£0.00","0"
"Historical Fiction","Mrs. Houdini","£30.25","In stock (15 available)","a40723994f715420","Books","£30.25","£30.25","£0.00","0"
"Historical Fiction","The Marriage of Opposites","£28.08","In stock (14 available)","52cf2a5933ec5d8f","Books","£28.08","£28.08","£0.00","0"
"Historical Fiction","Glory over Everything: Beyond ...","£45.84","In stock (14 available)","de4b403cb629a29f","Books","£45.84","£45.84","£0.00","0"
"Historical Fiction","Love, Lies and Spies","£20.55","In stock (12 available)","9546d537fbf99eb6","Books","£20.55","£20.55","£0.00","0"
"Historical Fiction","A Paris Apartment","£39.01","In stock (12 available)","63343e287971bb0c","Books","£39.01","£39.01","£0.00","0"
"Historical Fiction","Lilac Girls","£17.28","In stock (11 available)","bade9943ee01b63f","Books","£17.28","£17.28","£0.00","0"
"Historical Fiction","The Constant Princess (The ...","£16.62","In stock (7 available)","24933c712f0bca2f","Books","£16.62","£16.62","£0.00","0"
"Historical Fiction","The Invention of Wings","£37.34","In stock (6 available)","e6635f5b0a2c78db","Books","£37.34","£37.34","£0.00","0"
"Historical Fiction","World Without End (The ...","£32.97","In stock (5 available)","2e5b4ff08a75fd02","Books","£32.97","£32.97","£0.00","0"
"Historical Fiction","The Passion of Dolssa","£28.32","In stock (4 available)","011674f4a3834b8d","Books","£28.32","£28.32","£0.00","0"
"Historical Fiction","Girl With a Pearl ...","£26.77","In stock (4 available)","5eff05e59f905a49","Books","£26.77","£26.77","£0.00","0"
"Historical Fiction","Voyager (Outlander #3)","£21.07","In stock (3 available)","7feac4000cbc5859","Books","£21.07","£21.07","£0.00","0"
"Historical Fiction","The Red Tent","£35.66","In stock (3 available)","3c456328b04a8ee8","Books","£35.66","£35.66","£0.00","0"
"Historical Fiction","The Last Painting of ...","£55.55","In stock (3 available)","476c7972e9b41891","Books","£55.55","£55.55","£0.00","0"
"Historical Fiction","The Guernsey Literary and ...","£49.53","In stock (3 available)","4a0a276409968a73","Books","£49.53","£49.53","£0.00","0"
"Historical Fiction","Girl in the Blue ...","£46.83","In stock (3 available)","41fc5dce044f16f5","Books","£46.83","£46.83","£0.00","0"
"Historical Fiction","next","","In stock","","","","","",""
"Sequential Art","Scott Pilgrim's Precious Little ...","£52.29","In stock (19 available)","3b1c02bac2a429e6","Books","£52.29","£52.29","£0.00","0"
"Sequential Art","Tsubasa: WoRLD CHRoNiCLE 2 ...","£16.28","In stock (16 available)","09555be379ad9253","Books","£16.28","£16.28","£0.00","0"
"Sequential Art","This One Summer","£19.49","In stock (16 available)","51653ef291ab7ddc","Books","£19.49","£19.49","£0.00","0"
"Sequential Art","The Nameless City (The ...","£38.16","In stock (16 available)","7d385d34d12e60ff","Books","£38.16","£38.16","£0.00","0"
"Sequential Art","Saga, Volume 5 (Saga ...","£51.04","In stock (16 available)","53a3d11bb568cc8b","Books","£51.04","£51.04","£0.00","0"
"Sequential Art","Rat Queens, Vol. 3: ...","£50.40","In stock (16 available)","c82a3e358c773c73","Books","£50.40","£50.40","£0.00","0"
"Sequential Art","Princess Jellyfish 2-in-1 Omnibus, ...","£13.61","In stock (16 available)","0fa6dceead7ce47a","Books","£13.61","£13.61","£0.00","0"
"Sequential Art","Pop Gun War, Volume ...","£18.97","In stock (16 available)","e80f8e518b300dfe","Books","£18.97","£18.97","£0.00","0"
"Sequential Art","Patience","£10.16","In stock (16 available)","9429b4d59c537af5","Books","£10.16","£10.16","£0.00","0"
"Sequential Art","Outcast, Vol. 1: A ...","£15.44","In stock (16 available)","889139b8e9c4cb36","Books","£15.44","£15.44","£0.00","0"
"Sequential Art","orange: The Complete Collection ...","£48.41","In stock (16 available)","11809b1d323b3057","Books","£48.41","£48.41","£0.00","0"
"Sequential Art","Lumberjanes, Vol. 2: Friendship ...","£46.91","In stock (16 available)","460089f796fb3f82","Books","£46.91","£46.91","£0.00","0"
"Sequential Art","Lumberjanes, Vol. 1: Beware ...","£45.61","In stock (16 available)","b6ee99bcf06fc91f","Books","£45.61","£45.61","£0.00","0"
"Sequential Art","Lumberjanes Vol. 3: A ...","£19.92","In stock (16 available)","57e5a4d515c8ce44","Books","£19.92","£19.92","£0.00","0"
"Sequential Art","I Hate Fairyland, Vol. ...","£29.17","In stock (16 available)","8d4eefad7a2b3915","Books","£29.17","£29.17","£0.00","0"
"Sequential Art","I am a Hero ...","£54.63","In stock (16 available)","1c89ae5bb804e4de","Books","£54.63","£54.63","£0.00","0"
"Sequential Art","Giant Days, Vol. 2 ...","£22.11","In stock (16 available)","f2df3bb043a8abb0","Books","£22.11","£22.11","£0.00","0"
"Sequential Art","Danganronpa Volume 1","£51.99","In stock (16 available)","09b6cc87e62c2c58","Books","£51.99","£51.99","£0.00","0"
"Sequential Art","Codename Baboushka, Volume 1: ...","£36.72","In stock (16 available)","8754c83ab2a7ae71","Books","£36.72","£36.72","£0.00","0"
"Sequential Art","Camp Midnight","£17.08","In stock (16 available)","7b599c8bfcdd8d30","Books","£17.08","£17.08","£0.00","0"
"Sequential Art","next","","In stock","","","","","",""
"Classics","The Secret Garden","£15.08","In stock (5 available)","abbb492978ff656d","Books","£15.08","£15.08","£0.00","0"
"Classics","The Metamorphosis","£28.58","In stock (5 available)","93379e3a2072a01b","Books","£28.58","£28.58","£0.00","0"
"Classics","The Pilgrim's Progress","£50.26","In stock (4 available)","6053ddf69c967d5f","Books","£50.26","£50.26","£0.00","0"
"Classics","The Hound of the ...","£14.82","In stock (4 available)","6587f46697fc4443","Books","£14.82","£14.82","£0.00","0"
"Classics","Little Women (Little Women ...","£28.07","In stock (4 available)","deda806b68b0aa11","Books","£28.07","£28.07","£0.00","0"
"Classics","Gone with the Wind","£32.49","In stock (4 available)","23310ce84d3c9f85","Books","£32.49","£32.49","£0.00","0"
"Classics","Candide","£58.63","In stock (4 available)","2798974abc8a58a8","Books","£58.63","£58.63","£0.00","0"
"Classics","Animal Farm","£57.22","In stock (4 available)","1451b55e5e56bb89","Books","£57.22","£57.22","£0.00","0"
"Classics","Wuthering Heights","£17.73","In stock (3 available)","5a7ff9aaa3168878","Books","£17.73","£17.73","£0.00","0"
"Classics","The Picture of Dorian ...","£29.70","In stock (3 available)","b9f6305a3d650e2c","Books","£29.70","£29.70","£0.00","0"
"Classics","The Complete Stories and ...","£26.78","In stock (3 available)","cad70d6ffd53912f","Books","£26.78","£26.78","£0.00","0"
"Classics","Beowulf","£38.35","In stock (3 available)","3fb69f34e178d494","Books","£38.35","£38.35","£0.00","0"
"Classics","And Then There Were ...","£35.01","In stock (3 available)","cfe350b20d23b02b","Books","£35.01","£35.01","£0.00","0"
"Classics","The Story of Hong ...","£43.19","In stock (1 available)","32d035df92ab9080","Books","£43.19","£43.19","£0.00","0"
"Classics","The Little Prince","£45.42","In stock (1 available)","1aeca7d078d57deb","Books","£45.42","£45.42","£0.00","0"
"Classics","Sense and Sensibility","£37.46","In stock (1 available)","35e44170702139a4","Books","£37.46","£37.46","£0.00","0"
"Classics","Of Mice and Men","£47.11","In stock (1 available)","39592d9d72e717c4","Books","£47.11","£47.11","£0.00","0"
"Classics","Emma","£32.93","In stock (1 available)","2e69730561ed70ad","Books","£32.93","£32.93","£0.00","0"
"Classics","Alice in Wonderland (Alice's ...","£55.53","In stock (1 available)","cd2a2a70dd5d176d","Books","£55.53","£55.53","£0.00","0"
"Philosophy","Sophie's World","£15.94","In stock (18 available)","6be3beb0793a53e7","Books","£15.94","£15.94","£0.00","0"
"Philosophy","The Death of Humanity: ...","£58.11","In stock (16 available)","bd261725b99f5983","Books","£58.11","£58.11","£0.00","0"
"Philosophy","The Stranger","£17.44","In stock (15 available)","f5a92cff83897d48","Books","£17.44","£17.44","£0.00","0"
"Philosophy","Proofs of God: Classical ...","£54.21","In stock (8 available)","d56d0710668bb39c","Books","£54.21","£54.21","£0.00","0"
"Philosophy","Kierkegaard: A Christian Missionary ...","£47.13","In stock (8 available)","0cf57cb49272fd37","Books","£47.13","£47.13","£0.00","0"
"Philosophy","At The Existentialist Café: ...","£29.93","In stock (7 available)","6b52904b2ab91bf6","Books","£29.93","£29.93","£0.00","0"
"Philosophy","Critique of Pure Reason","£20.75","In stock (5 available)","429b4a811bef386c","Books","£20.75","£20.75","£0.00","0"
"Philosophy","Run, Spot, Run: The ...","£20.02","In stock (2 available)","b0e479be03911916","Books","£20.02","£20.02","£0.00","0"
"Philosophy","The Nicomachean Ethics","£36.34","In stock (1 available)","5c10b64db3e4f228","Books","£36.34","£36.34","£0.00","0"
"Philosophy","Meditations","£25.89","In stock (1 available)","4f19709e47883df5","Books","£25.89","£25.89","£0.00","0"
"Philosophy","Beyond Good and Evil","£43.38","In stock (1 available)","08672cd59171d5e4","Books","£43.38","£43.38","£0.00","0"
"Romance","Chase Me (Paris Nights ...","£25.27","In stock (19 available)","c2e46a2ee3b4a322","Books","£25.27","£25.27","£0.00","0"
"Romance","Black Dust","£34.53","In stock (19 available)","00bfed9e18bb36f3","Books","£34.53","£34.53","£0.00","0"
"Romance","Her Backup Boyfriend (The ...","£33.97","In stock (16 available)","2a97cffe61c3c4c7","Books","£33.97","£33.97","£0.00","0"
"Romance","First and First (Five ...","£15.97","In stock (16 available)","9e28048cea8d41f7","Books","£15.97","£15.97","£0.00","0"
"Romance","Fifty Shades Darker (Fifty ...","£21.96","In stock (16 available)","7add3f8e49ec0826","Books","£21.96","£21.96","£0.00","0"
"Romance","The Wedding Dress","£24.12","In stock (15 available)","623e1a180426039b","Books","£24.12","£24.12","£0.00","0"
"Romance","Suddenly in Love (Lake ...","£55.99","In stock (15 available)","203b7f94b7d6115f","Books","£55.99","£55.99","£0.00","0"
"Romance","Something More Than This","£16.24","In stock (15 available)","ca71e72655bece85","Books","£16.24","£16.24","£0.00","0"
"Romance","Doing It Over (Most ...","£35.61","In stock (15 available)","3a11bb962ff45b78","Books","£35.61","£35.61","£0.00","0"
"Romance","The Wedding Pact (The ...","£32.61","In stock (14 available)","c5cb9f885d8b3621","Books","£32.61","£32.61","£0.00","0"
"Romance","Hold Your Breath (Search ...","£28.82","In stock (14 available)","0b165bd4b9f42fd5","Books","£28.82","£28.82","£0.00","0"
"Romance","Dirty (Dive Bar #1)","£40.83","In stock (12 available)","df7e628bad5782b4","Books","£40.83","£40.83","£0.00","0"
"Romance","Take Me Home Tonight ...","£53.98","In stock (11 available)","cf62fa272b5f0fa3","Books","£53.98","£53.98","£0.00","0"
"Romance","Off the Hook (Fishing ...","£47.67","In stock (11 available)","b783ce08802cd1d1","Books","£47.67","£47.67","£0.00","0"
"Romance","A Gentleman's Position (Society ...","£14.75","In stock (11 available)","40c4bf520c17de54","Books","£14.75","£14.75","£0.00","0"
"Romance","Sit, Stay, Love","£20.90","In stock (7 available)","bd087cf6a846db75","Books","£20.90","£20.90","£0.00","0"
"Romance","A Girl's Guide to ...","£31.30","In stock (5 available)","cf3b86489890b9f2","Books","£31.30","£31.30","£0.00","0"
"Romance","The Perfect Play (Play ...","£59.99","In stock (4 available)","9cc207168a03470d","Books","£59.99","£59.99","£0.00","0"
"Romance","Dark Lover (Black Dagger ...","£12.87","In stock (4 available)","2b69d289279aabfd","Books","£12.87","£12.87","£0.00","0"
"Romance","Changing the Game (Play ...","£13.38","In stock (4 available)","aaebac5fda798b1b","Books","£13.38","£13.38","£0.00","0"
"Romance","next","","In stock","","","","","",""
"Womens Fiction","I Had a Nice ...","£57.36","In stock (15 available)","fd8585283fc7d2d7","Books","£57.36","£57.36","£0.00","0"
"Womens Fiction","Will You Won't You ...","£13.86","In stock (12 available)","077b635ff2afc578","Books","£13.86","£13.86","£0.00","0"
"Womens Fiction","Keep Me Posted","£20.46","In stock (11 available)","20dc4f1ac5d4fd9c","Books","£20.46","£20.46","£0.00","0"
"Womens Fiction","Grey (Fifty Shades #4)","£48.49","In stock (11 available)","b5953ca1f8a0b8d7","Books","£48.49","£48.49","£0.00","0"
"Womens Fiction","Meternity","£43.58","In stock (7 available)","725cd8d23d78cdca","Books","£43.58","£43.58","£0.00","0"
"Womens Fiction","Some Women","£13.73","In stock (4 available)","31f5bbf4974d29c9","Books","£13.73","£13.73","£0.00","0"
"Womens Fiction","Shopaholic Ties the Knot ...","£48.39","In stock (4 available)","38199c5d7da0c0ef","Books","£48.39","£48.39","£0.00","0"
"Womens Fiction","Can You Keep a ...","£21.94","In stock (4 available)","0812f54c93d726ce","Books","£21.94","£21.94","£0.00","0"
"Womens Fiction","Twenties Girl","£42.80","In stock (3 available)","8ebad30219b8679c","Books","£42.80","£42.80","£0.00","0"
"Womens Fiction","The Undomestic Goddess","£45.75","In stock (3 available)","813cff2aefa5d1f0","Books","£45.75","£45.75","£0.00","0"
"Womens Fiction","The Nanny Diaries (Nanny ...","£52.53","In stock (3 available)","6263c1d2997b8ce0","Books","£52.53","£52.53","£0.00","0"
"Womens Fiction","The Devil Wears Prada ...","£44.29","In stock (3 available)","a6ab0cb7106a67f2","Books","£44.29","£44.29","£0.00","0"
"Womens Fiction","Something Borrowed (Darcy & ...","£48.96","In stock (3 available)","ac27ab4bcd9c492e","Books","£48.96","£48.96","£0.00","0"
"Womens Fiction","Something Blue (Darcy & ...","£54.62","In stock (3 available)","3fc9d51d1c4d6ba7","Books","£54.62","£54.62","£0.00","0"
"Womens Fiction","I've Got Your Number","£19.69","In stock (3 available)","6b32b561dab8036c","Books","£19.69","£19.69","£0.00","0"
"Womens Fiction","The Edge of Reason ...","£19.18","In stock (1 available)","29fc016c459aeb14","Books","£19.18","£19.18","£0.00","0"
"Womens Fiction","Bridget Jones's Diary (Bridget ...","£29.82","In stock (1 available)","a2b4b685dfa94733","Books","£29.82","£29.82","£0.00","0"
"Fiction","Soumission","£50.10","In stock (20 available)","6957f44c3847a760","Books","£50.10","£50.10","£0.00","0"
"Fiction","Private Paris (Private #10)","£47.61","In stock (17 available)","b12b89017878a60d","Books","£47.61","£47.61","£0.00","0"
"Fiction","We Love You, Charlie ...","£50.27","In stock (16 available)","8d455c7539795d2a","Books","£50.27","£50.27","£0.00","0"
"Fiction","Thirst","£17.27","In stock (16 available)","709822d0b5bcb7f4","Books","£17.27","£17.27","£0.00","0"
"Fiction","The Murder That Never ...","£54.11","In stock (16 available)","d01ac97e2b8947c2","Books","£54.11","£54.11","£0.00","0"
"Fiction","Tuesday Nights in 1980","£21.04","In stock (15 available)","b8736690cf263a3c","Books","£21.04","£21.04","£0.00","0"
"Fiction","The Vacationers","£42.15","In stock (15 available)","fd3a622648667296","Books","£42.15","£42.15","£0.00","0"
"Fiction","The Regional Office Is ...","£51.36","In stock (15 available)","0651062381f0636a","Books","£51.36","£51.36","£0.00","0"
"Fiction","Finders Keepers (Bill Hodges ...","£53.53","In stock (15 available)","edb3097e71330040","Books","£53.53","£53.53","£0.00","0"
"Fiction","The Time Keeper","£27.88","In stock (14 available)","e9906e2f0d189745","Books","£27.88","£27.88","£0.00","0"
"Fiction","The Testament of Mary","£52.67","In stock (14 available)","081305e6df719dff","Books","£52.67","£52.67","£0.00","0"
"Fiction","The First Hostage (J.B. ...","£25.85","In stock (14 available)","a86972014275e072","Books","£25.85","£25.85","£0.00","0"
"Fiction","Take Me with You","£45.21","In stock (14 available)","2c04320e110a14a3","Books","£45.21","£45.21","£0.00","0"
"Fiction","Still Life with Bread ...","£26.41","In stock (14 available)","fe44cc816576c652","Books","£26.41","£26.41","£0.00","0"
"Fiction","Shtum","£55.84","In stock (14 available)","830fb3967c74866d","Books","£55.84","£55.84","£0.00","0"
"Fiction","My Name Is Lucy ...","£41.56","In stock (14 available)","727bf2b86b19ad88","Books","£41.56","£41.56","£0.00","0"
"Fiction","My Mrs. Brown","£24.48","In stock (14 available)","cc82685d9f49bc2c","Books","£24.48","£24.48","£0.00","0"
"Fiction","Mr. Mercedes (Bill Hodges ...","£28.90","In stock (14 available)","caa2e5b3fb1b2d4c","Books","£28.90","£28.90","£0.00","0"
"Fiction","I Am Pilgrim (Pilgrim ...","£10.60","In stock (14 available)","aeff7b87a8e83ebb","Books","£10.60","£10.60","£0.00","0"
"Fiction","Eligible (The Austen Project ...","£27.09","In stock (14 available)","9eaf58b03a2779cc","Books","£27.09","£27.09","£0.00","0"
"Fiction","next","","In stock","","","","","",""
"Childrens","Birdsong: A Story in ...","£54.64","In stock (19 available)","9528d0948525bf5f","Books","£54.64","£54.64","£0.00","0"
"Childrens","The Bear and the ...","£36.89","In stock (18 available)","9f6568e9c95f60b0","Books","£36.89","£36.89","£0.00","0"
"Childrens","The Secret of Dreadwillow ...","£56.13","In stock (16 available)","b5ea0b5dabed25a8","Books","£56.13","£56.13","£0.00","0"
"Childrens","The White Cat and ...","£58.08","In stock (15 available)","37c0cb19713d8dda","Books","£58.08","£58.08","£0.00","0"
"Childrens","Little Red","£13.47","In stock (15 available)","4aa03792b50f0b22","Books","£13.47","£13.47","£0.00","0"
"Childrens","Walt Disney's Alice in ...","£12.96","In stock (14 available)","6a31307a81e8f3a8","Books","£12.96","£12.96","£0.00","0"
"Childrens","Twenty Yawns","£22.08","In stock (14 available)","1d6443ffba9dfd80","Books","£22.08","£22.08","£0.00","0"
"Childrens","Rain Fish","£23.57","In stock (14 available)","a6454e329f872b78","Books","£23.57","£23.57","£0.00","0"
"Childrens","Once Was a Time","£18.28","In stock (14 available)","e34efcc824685332","Books","£18.28","£18.28","£0.00","0"
"Childrens","Luis Paints the World","£53.95","In stock (14 available)","5b43cae640f2338a","Books","£53.95","£53.95","£0.00","0"
"Childrens","Nap-a-Roo","£25.08","In stock (9 available)","913e7109cec0cb4c","Books","£25.08","£25.08","£0.00","0"
"Childrens","The Whale","£35.96","In stock (7 available)","0ff9d10864db8364","Books","£35.96","£35.96","£0.00","0"
"Childrens","Shrunken Treasures: Literary Classics, ...","£52.87","In stock (7 available)","9639e89d20228e6e","Books","£52.87","£52.87","£0.00","0"
"Childrens","Raymie Nightingale","£34.41","In stock (7 available)","31c56c4d0fe19340","Books","£34.41","£34.41","£0.00","0"
"Childrens","Playing from the Heart","£32.38","In stock (7 available)","68008abf6409dfde","Books","£32.38","£32.38","£0.00","0"
"Childrens","Maybe Something Beautiful: How ...","£22.54","In stock (5 available)","81c68492ccd72941","Books","£22.54","£22.54","£0.00","0"
"Childrens","The Wild Robot","£56.07","In stock (3 available)","75fed6a47f69859d","Books","£56.07","£56.07","£0.00","0"
"Childrens","The Thing About Jellyfish","£48.77","In stock (3 available)","3d15714d4d3d15dd","Books","£48.77","£48.77","£0.00","0"
"Childrens","The Lonely Ones","£43.59","In stock (3 available)","cf2f27fdf94ba20e","Books","£43.59","£43.59","£0.00","0"
"Childrens","The Day the Crayons ...","£26.33","In stock (3 available)","b22362b434e8ee62","Books","£26.33","£26.33","£0.00","0"
"Childrens","next","","In stock","","","","","",""
"Religion","Don't Be a Jerk: ...","£37.97","In stock (16 available)","fce19f9b4a943f22","Books","£37.97","£37.97","£0.00","0"
"Religion","You Are What You ...","£21.87","In stock (15 available)","796c87ddbbaaf8c5","Books","£21.87","£21.87","£0.00","0"
"Religion","God: The Most Unpleasant ...","£30.03","In stock (14 available)","eec424a84c9e4c68","Books","£30.03","£30.03","£0.00","0"
"Religion","The Book of Mormon","£24.57","In stock (9 available)","3f25a2fedae191cc","Books","£24.57","£24.57","£0.00","0"
"Religion","A History of God: ...","£27.62","","","","","","",""